{"cameraMode":{"drawMode":0,"name":"Shaded","section":"Shading Mode"},"sceneLighting":false,"audioPlay":false,"sceneViewState":{"showFog":true,"showMaterialUpdate":true,"showSkybox":false,"showFlares":true,"showImageEffects":true,"showParticleSystems":true},"in2DMode":false,"pivot":{"x":-9.366000175476075,"y":-10.97599983215332,"z":-3.7100000381469728},"rotation":{"x":0.6677847504615784,"y":-0.014512071385979653,"z":0.013023234903812409,"w":0.7441018223762512},"size":1.1667261123657227,"orthographic":false}