{"cameraMode":{"drawMode":0,"name":"Shaded","section":"Shading Mode"},"sceneLighting":true,"audioPlay":false,"sceneViewState":{"showFog":true,"showMaterialUpdate":true,"showSkybox":true,"showFlares":true,"showImageEffects":true,"showParticleSystems":true},"in2DMode":false,"pivot":{"x":-8.866241455078125,"y":-10.740510940551758,"z":-3.038620948791504},"rotation":{"x":0.704983115196228,"y":0.0010636032093316317,"z":-0.0010576910572126508,"w":0.7092270851135254},"size":3.3284289836883547,"orthographic":false}