{"cameraMode":{"drawMode":0,"name":"Shaded","section":"Shading Mode"},"sceneLighting":true,"audioPlay":false,"sceneViewState":{"showFog":true,"showMaterialUpdate":true,"showSkybox":true,"showFlares":true,"showImageEffects":true,"showParticleSystems":true},"in2DMode":false,"pivot":{"x":-2.0124552249908449,"y":-35.370243072509769,"z":-6.971059799194336},"rotation":{"x":0.6734281778335571,"y":0.008870759047567845,"z":-0.008081144653260708,"w":0.7391605973243713},"size":39.940284729003909,"orthographic":false}