{"cameraMode":{"drawMode":0,"name":"Shaded","section":"Shading Mode"},"sceneLighting":false,"audioPlay":false,"sceneViewState":{"showFog":true,"showMaterialUpdate":true,"showSkybox":false,"showFlares":true,"showImageEffects":true,"showParticleSystems":true},"in2DMode":false,"pivot":{"x":-8.329000473022461,"y":-10.97599983215332,"z":-3.7100000381469728},"rotation":{"x":0.7017467021942139,"y":-0.0074802422896027569,"z":0.007368407677859068,"w":0.7123538255691528},"size":1.1667261123657227,"orthographic":false}